<?xml version="1.0" encoding="UTF-8" standalone="no"?>
<ColorScheme>
  <Name>Light on Dark</Name>
  <TextColor>
    <R>204</R>
    <G>204</G>
    <B>204</B>
  </TextColor>
  <CurlyBraceColor>
    <R>204</R>
    <G>204</G>
    <B>204</B>
  </CurlyBraceColor>
  <ParenColor>
    <R>204</R>
    <G>204</G>
    <B>204</B>
  </ParenColor>
  <SquareBracketColor>
    <R>204</R>
    <G>204</G>
    <B>204</B>
  </SquareBracketColor>
  <StringColor>
    <R>91</R>
    <G>204</G>
    <B>91</B>
  </StringColor>
  <KeywordColor>
    <R>204</R>
    <G>147</G>
    <B>240</B>
  </KeywordColor>
  <CommentColor>
    <R>255</R>
    <G>175</G>
    <B>122</B>
  </CommentColor>
  <NumberColor>
    <R>204</R>
    <G>204</G>
    <B>204</B>
  </NumberColor>
  <OperatorColor>
    <R>204</R>
    <G>204</G>
    <B>204</B>
  </OperatorColor>
  <IdentifierColor>
    <R>204</R>
    <G>204</G>
    <B>204</B>
  </IdentifierColor>
  <PreprocessColor>
    <R>255</R>
    <G>142</G>
    <B>142</B>
  </PreprocessColor>
  <BackgroundColor>
    <R>0</R>
    <G>0</G>
    <B>0</B>
  </BackgroundColor>
  <CSDColor>
    <R>154</R>
    <G>154</G>
    <B>232</B>
  </CSDColor>
  <LineNumColor>
    <R>216</R>
    <G>216</G>
    <B>216</B>
  </LineNumColor>
  <MessageColor>
    <R>172</R>
    <G>235</G>
    <B>204</B>
  </MessageColor>
  <ClickableColor>
    <R>103</R>
    <G>238</G>
    <B>103</B>
  </ClickableColor>
  <InputColor>
    <R>255</R>
    <G>159</G>
    <B>96</B>
  </InputColor>
  <OutputColor>
    <R>204</R>
    <G>204</G>
    <B>204</B>
  </OutputColor>
  <LinkColor>
    <R>151</R>
    <G>151</G>
    <B>241</B>
  </LinkColor>
  <InteractionsResultColor>
    <R>168</R>
    <G>168</G>
    <B>255</B>
  </InteractionsResultColor>
  <InteractionsErrorColor>
    <R>245</R>
    <G>126</G>
    <B>126</B>
  </InteractionsErrorColor>
  <HighlightColor>0</HighlightColor>
  <DebugLineColor>0</DebugLineColor>
  <IconColorGradient>50</IconColorGradient>
</ColorScheme>
