<?xml version="1.0" encoding="UTF-8" standalone="no"?>
<Canvas xmlns="http://www.jgrasp.org">
  <Language>Java</Language>
  <Size>
    <W>588</W>
    <H>937</H>
  </Size>
  <Grid>
    <Snap>true</Snap>
    <Show>false</Show>
  </Grid>
  <Scope id="0">
    <Name>main</Name>
    <Signature>([Ljava/lang/String;)V</Signature>
    <DeclaringType>BinaryTreeExample</DeclaringType>
    <Depth>0</Depth>
  </Scope>
  <Frame>
    <Transparent>true</Transparent>
    <Bounds>
      <AutoSize>false</AutoSize>
      <X>30</X>
      <Y>60</Y>
      <W>442</W>
      <H>610</H>
    </Bounds>
    <Viewer>
      <ScopeID>0</ScopeID>
      <Expression>bt</Expression>
      <ViewerClass>java__lang__Object_LinkedView</ViewerClass>
    </Viewer>
  </Frame>
  <Frame>
    <Bounds>
      <AutoSize>false</AutoSize>
      <X>130</X>
      <Y>760</Y>
      <W>440</W>
      <H>120</H>
    </Bounds>
    <Viewer>
      <ScopeID>0</ScopeID>
      <Expression>BinaryTreeExample.values</Expression>
      <ViewerClass>java__lang__Object_LinkedView</ViewerClass>
      <ViewerData>
        <StructureData>
          <Type>Array</Type>
          <SzExp>_struct_.length</SzExp>
          <ElementExp>_struct_[_index_]</ElementExp>
          <IndexExp>i</IndexExp>
        </StructureData>
      </ViewerData>
    </Viewer>
  </Frame>
  <Frame>
    <Bounds>
      <AutoSize>true</AutoSize>
      <X>130</X>
      <Y>700</Y>
      <W>76</W>
      <H>33</H>
    </Bounds>
    <Viewer>
      <ScopeID>0</ScopeID>
      <Expression>i</Expression>
      <ViewerClass>_X_PresentationToStringView</ViewerClass>
    </Viewer>
  </Frame>
</Canvas>
