<?xml version="1.0" encoding="UTF-8" standalone="no"?>
<Canvas xmlns="http://www.jgrasp.org">
  <Language>Java</Language>
  <ShowTypes>false</ShowTypes>
  <Grid>
    <Snap>true</Snap>
    <Show>false</Show>
  </Grid>
  <Scope id="0">
    <Name>main</Name>
    <Signature>([Ljava/lang/String;)V</Signature>
    <DeclaringType>OddEvenArray</DeclaringType>
    <Depth>0</Depth>
  </Scope>
  <Frame>
    <Bounds>
      <AutoSize>true</AutoSize>
      <X>170</X>
      <Y>390</Y>
      <W>72</W>
      <H>55</H>
    </Bounds>
    <LabelLoc>
      <X>-1</X>
      <Y>18</Y>
      <H>LEFT</H>
      <V>CENTER</V>
      <WO>false</WO>
    </LabelLoc>
    <Viewer>
      <ScopeID>0</ScopeID>
      <Expression>`local int` even</Expression>
      <ViewerClass>_X_PresentationToStringView</ViewerClass>
    </Viewer>
  </Frame>
  <Frame>
    <Bounds>
      <AutoSize>true</AutoSize>
      <X>90</X>
      <Y>130</Y>
      <W>392</W>
      <H>145</H>
    </Bounds>
    <Viewer>
      <ScopeID>0</ScopeID>
      <Expression>`local int[]` intArray</Expression>
      <ViewerClass>java__lang__Object_LinkedView</ViewerClass>
      <ViewerData>
        <StructureData>
          <Type>Array</Type>
          <SzExp>_struct_.length</SzExp>
          <ElementExp>_struct_[_index_]</ElementExp>
          <IndexExp>i</IndexExp>
        </StructureData>
        <ViewData/>
      </ViewerData>
    </Viewer>
  </Frame>
  <Frame>
    <Bounds>
      <AutoSize>true</AutoSize>
      <X>360</X>
      <Y>290</Y>
      <W>72</W>
      <H>55</H>
    </Bounds>
    <LabelLoc>
      <X>-1</X>
      <Y>18</Y>
      <H>LEFT</H>
      <V>CENTER</V>
      <WO>false</WO>
    </LabelLoc>
    <Viewer>
      <ScopeID>0</ScopeID>
      <Expression>`local int` oddSum</Expression>
      <ViewerClass>_X_PresentationToStringView</ViewerClass>
    </Viewer>
  </Frame>
  <Frame>
    <Bounds>
      <AutoSize>true</AutoSize>
      <X>170</X>
      <Y>290</Y>
      <W>72</W>
      <H>55</H>
    </Bounds>
    <LabelLoc>
      <X>-1</X>
      <Y>18</Y>
      <H>LEFT</H>
      <V>CENTER</V>
      <WO>false</WO>
    </LabelLoc>
    <Viewer>
      <ScopeID>0</ScopeID>
      <Expression>`local int` odd</Expression>
      <ViewerClass>_X_PresentationToStringView</ViewerClass>
    </Viewer>
  </Frame>
  <Frame>
    <Bounds>
      <AutoSize>true</AutoSize>
      <X>360</X>
      <Y>390</Y>
      <W>72</W>
      <H>55</H>
    </Bounds>
    <LabelLoc>
      <X>-1</X>
      <Y>18</Y>
      <H>LEFT</H>
      <V>CENTER</V>
      <WO>false</WO>
    </LabelLoc>
    <Viewer>
      <ScopeID>0</ScopeID>
      <Expression>`local int` evenSum</Expression>
      <ViewerClass>_X_PresentationToStringView</ViewerClass>
    </Viewer>
  </Frame>
  <TextBox>
    <Text>&lt;html&gt;Counting and Summing Even and Odd Numbers &lt;bk&gt; &lt;center&gt; in an Array of ints&lt;/center&gt;</Text>
    <Position>
      <X>47</X>
      <Y>13</Y>
    </Position>
    <Transparent>true</Transparent>
  </TextBox>
  <Size>
    <W>580</W>
    <H>628</H>
  </Size>
</Canvas>
