<?xml version="1.0" encoding="UTF-8" standalone="no"?>
<Canvas xmlns="http://www.jgrasp.org">
  <Language>Java</Language>
  <ShowTypes>false</ShowTypes>
  <Version>2</Version>
  <Grid>
    <Snap>true</Snap>
    <Show>false</Show>
  </Grid>
  <Scope id="0">
    <Name>selectionSort</Name>
    <Signature>([D)V</Signature>
    <DeclaringType>NumberSelectionSortExample</DeclaringType>
    <Depth>1</Depth>
  </Scope>
  <Scope id="1">
    <Name>main</Name>
    <Signature>([Ljava/lang/String;)V</Signature>
    <DeclaringType>NumberSelectionSortExample</DeclaringType>
    <Depth>0</Depth>
  </Scope>
  <Frame>
    <Bounds>
      <AutoSize>true</AutoSize>
      <X>350</X>
      <Y>440</Y>
      <W>72</W>
      <H>55</H>
    </Bounds>
    <LabelLoc>
      <WO>false</WO>
    </LabelLoc>
    <Viewer>
      <ScopeID>0</ScopeID>
      <Expression>`local int` scan</Expression>
      <ViewerClass>_X_PresentationToStringView</ViewerClass>
    </Viewer>
  </Frame>
  <Frame>
    <Bounds>
      <AutoSize>true</AutoSize>
      <X>530</X>
      <Y>440</Y>
      <W>197</W>
      <H>55</H>
    </Bounds>
    <LabelLoc>
      <WO>false</WO>
    </LabelLoc>
    <Viewer>
      <ScopeID>0</ScopeID>
      <Expression>`local double` temp</Expression>
      <ViewerClass>_X_PresentationToStringView</ViewerClass>
    </Viewer>
  </Frame>
  <Frame>
    <Bounds>
      <AutoSize>false</AutoSize>
      <X>40</X>
      <Y>50</Y>
      <W>688</W>
      <H>128</H>
    </Bounds>
    <PanelSize>
      <Key>java__lang__Object_BarGraphView0</Key>
      <Order>4</Order>
      <W>694</W>
      <H>158</H>
    </PanelSize>
    <Viewer>
      <ScopeID>1</ScopeID>
      <Expression>`local double[]` ia</Expression>
      <ViewerClass>java__lang__Object_BarGraphView</ViewerClass>
    </Viewer>
  </Frame>
  <Frame>
    <Bounds>
      <AutoSize>false</AutoSize>
      <X>40</X>
      <Y>220</Y>
      <W>788</W>
      <H>202</H>
    </Bounds>
    <PanelSize>
      <Key>java__lang__Object_LinkedView0</Key>
      <Order>4</Order>
      <W>794</W>
      <H>232</H>
    </PanelSize>
    <Viewer>
      <ScopeID>1</ScopeID>
      <Expression>`local double[]` ia</Expression>
      <Indices>index#min#scan</Indices>
      <ViewerClass>java__lang__Object_LinkedView</ViewerClass>
      <ViewerData>
        <StructureData>
          <Type>Array</Type>
          <SzExp>_struct_.length</SzExp>
          <ElementExp>_struct_[_index_]</ElementExp>
        </StructureData>
        <ViewData>
          <Width>63</Width>
        </ViewData>
      </ViewerData>
    </Viewer>
  </Frame>
  <Frame>
    <Bounds>
      <AutoSize>true</AutoSize>
      <X>220</X>
      <Y>440</Y>
      <W>72</W>
      <H>55</H>
    </Bounds>
    <LabelLoc>
      <WO>false</WO>
    </LabelLoc>
    <Viewer>
      <ScopeID>0</ScopeID>
      <Expression>`local int` min</Expression>
      <ViewerClass>_X_PresentationToStringView</ViewerClass>
    </Viewer>
  </Frame>
  <Frame>
    <Bounds>
      <AutoSize>true</AutoSize>
      <X>90</X>
      <Y>440</Y>
      <W>72</W>
      <H>55</H>
    </Bounds>
    <LabelLoc>
      <WO>false</WO>
    </LabelLoc>
    <Viewer>
      <ScopeID>0</ScopeID>
      <Expression>`local int` index</Expression>
      <ViewerClass>_X_PresentationToStringView</ViewerClass>
    </Viewer>
  </Frame>
  <Size>
    <W>864</W>
    <H>672</H>
  </Size>
  <ESize>
    <W>864</W>
    <H>672</H>
  </ESize>
</Canvas>
